ablation,policy,predicted_latency_ms,fairness,service_continuity_utility,energy_use_j,capacity_utilization,constraint_violation_count,input_hash,random_seed
full,twin_informed,49.428446721786536,0.9999999999999968,0.9011431065564269,37.47142289030042,1.0,0,4c8a86bbb6daa203b0bcce7dd2511278fb766d8a5c8ed010b3954c18befebbd5,0
no_edge_observations,twin_informed,0.0,0.9999999999999968,1.0,35.00000055421109,1.0,0,4202f459605d0ff7604afceac79861a09f5c9d374dfebeb4f71c224c62e1858e,0
no_twin_context,twin_informed,49.428446721786536,0.9999999999999968,0.9011431065564269,37.47142289030042,1.0,0,c8c79a7a0bfca94e180074832e8c4c67054f5e8f1c7e845cf68b10eaf44af2d4,0
no_service_continuity_objective,twin_informed,49.428446721786536,0.9999999999999968,0.9011431065564269,37.47142289030042,1.0,0,0e9bf1cb0f4e172263c541cdc78810461976044870c6e0ed5ceb4244bc233214,0
no_fairness_constraint,twin_informed,49.428446199999996,1.0,0.9011431076,37.47142231,1.0,0,57bd44b60504e3f1113d053a4809088d1c242bf80a83c8d8921c1459909e869c,0
no_energy_constraint,twin_informed,49.428446721786536,0.9999999999999968,0.9011431065564269,200000017.4714229,1.0,0,b1617ba04149fdbfe52579363bdfecfaa3096c2415f6c36b4cffaf59093136c6,0
no_local_edge,twin_informed,49.428446721786536,0.9999999999999968,0.9011431065564269,37.47142289030042,1.0,0,5da41d7b57f372294ff23eea1f20ff42946963d7a66f65b59b27c91ca03d6b42,0
