policy,input_size_bytes,repetition_count,warmup_count,runtime_s_list,mean_s,median_s,p95_s,stdev_s,cpu_environment,python_version,peak_memory_mb,random_seed,input_hash
static_uniform,4923,3,1,"[0.010361833999922965, 0.011036416999559151, 0.009836625000389176]",0.01041162533329043,0.010361833999922965,0.010361833999922965,0.0004910767713076736,arm,3.11.2,72544.0,0,4c8a86bbb6daa203b0bcce7dd2511278fb766d8a5c8ed010b3954c18befebbd5
network_only,4923,3,1,"[0.0077707079999527195, 0.010791917000460671, 0.007986000000528293]",0.008849541666980562,0.007986000000528293,0.007986000000528293,0.0013762761625637822,arm,3.11.2,72544.0,0,4c8a86bbb6daa203b0bcce7dd2511278fb766d8a5c8ed010b3954c18befebbd5
service_priority,4923,3,1,"[0.007279084000401781, 0.008050166999964858, 0.007234707998577505]",0.007521319666314715,0.007279084000401781,0.007279084000401781,0.00037439011215230806,arm,3.11.2,72544.0,0,4c8a86bbb6daa203b0bcce7dd2511278fb766d8a5c8ed010b3954c18befebbd5
optimization_based,4923,3,1,"[0.007808415999534191, 0.009343666999484412, 0.00845350000054168]",0.00853519433318676,0.00845350000054168,0.00845350000054168,0.0006294200405673903,arm,3.11.2,72544.0,0,4c8a86bbb6daa203b0bcce7dd2511278fb766d8a5c8ed010b3954c18befebbd5
twin_informed,4923,3,1,"[0.008167250000042259, 0.01013954199879663, 0.010150041000088095]",0.009485610999642327,0.01013954199879663,0.01013954199879663,0.0009322318564273232,arm,3.11.2,72544.0,0,4c8a86bbb6daa203b0bcce7dd2511278fb766d8a5c8ed010b3954c18befebbd5
