ablation,policy,predicted_latency_ms,fairness,service_continuity_utility,energy_use_j,capacity_utilization,constraint_violation_count,input_hash,random_seed
full,twin_informed,65.80000069461123,0.9999999999999968,0.8663158386012777,38.29000058894165,1.0,0,323bbe1ecffed0b20c1faf27ce1819245728296f015c1a0471d49e7a8cea52f2,0
no_edge_observations,twin_informed,0.0,0.9999999999999968,1.0,35.00000055421109,1.0,0,a813a61e32ac6f6c84ab79bd76ed87e1694d17e5ea8d062418489d954e27de3c,0
no_twin_context,twin_informed,65.80000069461123,0.9999999999999968,0.8663158386012777,38.29000058894165,1.0,0,d1751ede18971e595a6ff89a008948ac5731194bc77df3b4f8e6fcadf9137a22,0
no_service_continuity_objective,twin_informed,65.80000069461123,0.9999999999999968,0.8663158386012777,38.29000058894165,1.0,0,a6bc112b956f0ea9f6699c4f06ba800347756bd08008d3303675151a58eb3243,0
no_fairness_constraint,twin_informed,65.8,1.0,0.8663158400000001,38.29,1.0,0,3b8a897ff76ca4c7b23c5ab0d887ebe730428c0f46e72a4c7b9e284f417da4dd,0
no_energy_constraint,twin_informed,65.80000069461123,0.9999999999999968,0.8663158386012777,200000018.2900006,1.0,0,8e34d1e779b75c9724b250e7b6d192772336ffcb4bcace65b2f962e508273123,0
no_local_edge,twin_informed,65.80000069461123,0.9999999999999968,0.8663158386012777,38.29000058894165,1.0,0,6190a1d26e2bf7fcf42e033c9b89c2921e5c33729ebac56bd03f9eebbf78ebd8,0
