ablation,policy,predicted_latency_ms,fairness,service_continuity_utility,energy_use_j,capacity_utilization,constraint_violation_count,input_hash,random_seed
full,twin_informed,65.80000069461123,0.9999999999999968,0.8663158386012777,38.29000058894165,1.0,0,20c7aea0d0d98f5bcebe837a1c24b82e65cc30502a175a19224fe8c21fe63582,0
no_edge_observations,twin_informed,0.0,0.9999999999999968,1.0,35.00000055421109,1.0,0,7c25148f61de0e41a2fb31106133080f3c5e9398b831f10be4186ca13661647a,0
no_twin_context,twin_informed,65.80000069461123,0.9999999999999968,0.8663158386012777,38.29000058894165,1.0,0,ba272d2a45ba95f0917fa6247ff28b63e304dc0ac5f0ee98fb82a5442169b54e,0
no_service_continuity_objective,twin_informed,65.80000069461123,0.9999999999999968,0.8663158386012777,38.29000058894165,1.0,0,74cc69394a5ccad279ee3fb2b2a9a40465382d79b9f83185c7d5db033ffc9104,0
no_fairness_constraint,twin_informed,65.8,1.0,0.8663158400000001,38.29,1.0,0,e522c56e4f648804f89336d1443e72b83a1ec4018f8d8a3d4385b1a013d12a64,0
no_energy_constraint,twin_informed,65.80000069461123,0.9999999999999968,0.8663158386012777,200000018.2900006,1.0,0,104250ef6cb4a70f711384a7925b5bc5ba47a52471debf9fa3519b0e894e3ef8,0
no_local_edge,twin_informed,65.80000069461123,0.9999999999999968,0.8663158386012777,38.29000058894165,1.0,0,7c903ab4e6cf98cb6e99631dc4ebeaeb1525274af872d49b57594490b370a03f,0
