ablation,policy,predicted_latency_ms,fairness,service_continuity_utility,energy_use_j,capacity_utilization,constraint_violation_count,input_hash,random_seed
full,twin_informed,65.80000069461123,0.9999999999999968,0.8663158386012777,38.29000058894165,1.0,0,2ad7c27300d4538f7880c84c41ee452a446ed8db043eae6e0576a38aca800c31,0
no_edge_observations,twin_informed,0.0,0.9999999999999968,1.0,35.00000055421109,1.0,0,630488a8ab0a00c6f46d6c639b28d26117aa9c505d411724f52d998b3dbace3b,0
no_twin_context,twin_informed,65.80000069461123,0.9999999999999968,0.8663158386012777,38.29000058894165,1.0,0,c534070a0e7945651d4fb212d400c68375c7549d3aedaacab8dd013c20233c17,0
no_service_continuity_objective,twin_informed,65.80000069461123,0.9999999999999968,0.8663158386012777,38.29000058894165,1.0,0,b48a2468c3e7fbf68f4328abfa2f0779b468fa35c1c8d3ea6275425ece847ab3,0
no_fairness_constraint,twin_informed,65.8,1.0,0.8663158400000001,38.29,1.0,0,304d118117f5f8835eb6b11afea4d9994d26ad5c133e3ad37e24e2336a70e125,0
no_energy_constraint,twin_informed,65.80000069461123,0.9999999999999968,0.8663158386012777,200000018.2900006,1.0,0,40e6cb944fd843d2a79e20e1907e9842d835900be0057194e8cce9c4d9a0a2db,0
no_local_edge,twin_informed,65.80000069461123,0.9999999999999968,0.8663158386012777,38.29000058894165,1.0,0,2a212f23798d035c5b05f083196ab79969c3204e4516f1e796403aa4ad4eb3ee,0
