policy,input_size_bytes,repetition_count,warmup_count,runtime_s_list,mean_s,median_s,p95_s,stdev_s,cpu_environment,python_version,peak_memory_mb,random_seed,input_hash
static_uniform,4907,3,1,"[0.008131791997584514, 0.008243291998951463, 0.009896167000988498]",0.008757083665841492,0.008243291998951463,0.008243291998951463,0.0008067387829541142,arm,3.11.2,72560.0,0,2ad7c27300d4538f7880c84c41ee452a446ed8db043eae6e0576a38aca800c31
network_only,4907,3,1,"[0.007352333999733673, 0.007977833000040846, 0.007432916998368455]",0.007587694666047658,0.007432916998368455,0.007432916998368455,0.00027782409861334733,arm,3.11.2,72672.0,0,2ad7c27300d4538f7880c84c41ee452a446ed8db043eae6e0576a38aca800c31
service_priority,4907,3,1,"[0.007454665999830468, 0.009148375000222586, 0.007477792001736816]",0.008026944333929956,0.007477792001736816,0.007477792001736816,0.0007930274301549269,arm,3.11.2,72752.0,0,2ad7c27300d4538f7880c84c41ee452a446ed8db043eae6e0576a38aca800c31
optimization_based,4907,3,1,"[0.00790170899927034, 0.008302209000248695, 0.007932832999358652]",0.008045583666292563,0.007932832999358652,0.007932832999358652,0.00018190583162073473,arm,3.11.2,72912.0,0,2ad7c27300d4538f7880c84c41ee452a446ed8db043eae6e0576a38aca800c31
twin_informed,4907,3,1,"[0.008034250000491738, 0.008194375001039589, 0.008127917000820162]",0.008118847334117163,0.008127917000820162,0.008127917000820162,6.568459023083925e-05,arm,3.11.2,72944.0,0,2ad7c27300d4538f7880c84c41ee452a446ed8db043eae6e0576a38aca800c31
