policy,input_size_bytes,repetition_count,warmup_count,runtime_s_list,mean_s,median_s,p95_s,stdev_s,cpu_environment,python_version,peak_memory_mb,random_seed,input_hash
static_uniform,4907,3,1,"[0.002848519005056005, 0.002955697003926616, 0.0029907170028309338]",0.002931644337271185,0.002955697003926616,0.002955697003926616,6.0492234888607164e-05,x86_64,3.12.3,78.21875,0,20c7aea0d0d98f5bcebe837a1c24b82e65cc30502a175a19224fe8c21fe63582
network_only,4907,3,1,"[0.002989378997881431, 0.0026648779967217706, 0.0029269709993968718]",0.002860409331333358,0.0029269709993968718,0.0029269709993968718,0.00014058939428931226,x86_64,3.12.3,78.21875,0,20c7aea0d0d98f5bcebe837a1c24b82e65cc30502a175a19224fe8c21fe63582
service_priority,4907,3,1,"[0.0026891520028584637, 0.0027447579996078275, 0.0029594930019811727]",0.002797801001482488,0.0027447579996078275,0.0027447579996078275,0.00011656538647921336,x86_64,3.12.3,78.34375,0,20c7aea0d0d98f5bcebe837a1c24b82e65cc30502a175a19224fe8c21fe63582
optimization_based,4907,3,1,"[0.003440031003265176, 0.003447176997724455, 0.0031323539951699786]",0.0033398539987198697,0.003440031003265176,0.003440031003265176,0.00014675365961162415,x86_64,3.12.3,79.57421875,0,20c7aea0d0d98f5bcebe837a1c24b82e65cc30502a175a19224fe8c21fe63582
twin_informed,4907,3,1,"[0.003186201000062283, 0.0033283660013694316, 0.0032469229990965687]",0.0032538300001760945,0.0032469229990965687,0.0032469229990965687,5.8243751579603286e-05,x86_64,3.12.3,79.57421875,0,20c7aea0d0d98f5bcebe837a1c24b82e65cc30502a175a19224fe8c21fe63582
