policy,input_size_bytes,repetition_count,warmup_count,runtime_s_list,mean_s,median_s,p95_s,stdev_s,cpu_environment,python_version,peak_memory_mb,random_seed,input_hash
static_uniform,4907,3,1,"[0.0029633079993800493, 0.0028315600011410424, 0.0026895190003415337]",0.0028281290002875417,0.0028315600011410424,0.0028315600011410424,0.00011180021712492517,x86_64,3.12.3,78.0546875,0,323bbe1ecffed0b20c1faf27ce1819245728296f015c1a0471d49e7a8cea52f2
network_only,4907,3,1,"[0.002776092000203789, 0.0028925370006618323, 0.002784673999485676]",0.002817767666783766,0.002784673999485676,0.002784673999485676,5.298586380250178e-05,x86_64,3.12.3,78.0546875,0,323bbe1ecffed0b20c1faf27ce1819245728296f015c1a0471d49e7a8cea52f2
service_priority,4907,3,1,"[0.0026540069993643556, 0.002703042000575806, 0.00285172700023395]",0.0027362586667247038,0.002703042000575806,0.002703042000575806,8.4066679362292e-05,x86_64,3.12.3,78.0546875,0,323bbe1ecffed0b20c1faf27ce1819245728296f015c1a0471d49e7a8cea52f2
optimization_based,4907,3,1,"[0.003283116000602604, 0.003242287999455584, 0.003183192999131279]",0.0032361989997298224,0.003242287999455584,0.003242287999455584,4.101998288643265e-05,x86_64,3.12.3,79.453125,0,323bbe1ecffed0b20c1faf27ce1819245728296f015c1a0471d49e7a8cea52f2
twin_informed,4907,3,1,"[0.003345553999679396, 0.0034451779993105447, 0.0032806149993120926]",0.0033571156661006776,0.003345553999679396,0.003345553999679396,6.767815669254193e-05,x86_64,3.12.3,79.453125,0,323bbe1ecffed0b20c1faf27ce1819245728296f015c1a0471d49e7a8cea52f2
