ablation,policy,predicted_latency_ms,fairness,service_continuity_utility,energy_use_j,capacity_utilization,constraint_violation_count,input_hash,random_seed
full,twin_informed,88.00333215976774,0.9999999999999968,0.8239933356804645,39.40016716219948,1.0,0,e50910ebeff34de063dbcf8e8d559bc0f172657e22ffd18b0f1823065ee77623,0
no_edge_observations,twin_informed,0.0,0.9999999999999968,1.0,35.00000055421109,1.0,0,c0816a62b6640f3b72f98e7a685bbca45d1212f608b80bc02eb7ecea28693d24,0
no_twin_context,twin_informed,88.00333215976774,0.9999999999999968,0.8239933356804645,39.40016716219948,1.0,0,5ab5962a754aab758803d19cf13edb82a8483b0d4aebed37cf4007d120288505,0
no_service_continuity_objective,twin_informed,88.00333215976774,0.9999999999999968,0.8239933356804645,39.40016716219948,1.0,0,131d5ebd7975e657e80762e560e05b71d9affa6f295e40581a8dae8e47539152,0
no_fairness_constraint,twin_informed,88.00333123076922,1.0,0.8239933375384616,39.40016656153846,1.0,0,c7f76e8b89ebf7af111bb284dae9ecf8ac76de0a47c6af90922dafabff767085,0
no_energy_constraint,twin_informed,88.00333215976774,0.9999999999999968,0.8239933356804645,200000019.40016717,1.0,0,da3c050d8768748d477bdf36e6f253633761d33f11ae3a6d3ab353fce5e91825,0
no_local_edge,twin_informed,88.00333215976774,0.9999999999999968,0.8239933356804645,39.40016716219948,1.0,0,e50910ebeff34de063dbcf8e8d559bc0f172657e22ffd18b0f1823065ee77623,0
