policy,input_size_bytes,repetition_count,warmup_count,runtime_s_list,mean_s,median_s,p95_s,stdev_s,cpu_environment,python_version,peak_memory_mb,random_seed,input_hash
static_uniform,4956,3,1,"[0.010682125001039822, 0.009336292001535185, 0.008468208001431776]",0.00949554166800226,0.009336292001535185,0.009336292001535185,0.0009108155548703878,arm,3.11.2,72720.0,0,e50910ebeff34de063dbcf8e8d559bc0f172657e22ffd18b0f1823065ee77623
network_only,4956,3,1,"[0.007893791997048538, 0.008544125001208158, 0.007738374999462394]",0.008058763999239696,0.007893791997048538,0.007893791997048538,0.00034901775261300054,arm,3.11.2,72816.0,0,e50910ebeff34de063dbcf8e8d559bc0f172657e22ffd18b0f1823065ee77623
service_priority,4956,3,1,"[0.00797387499915203, 0.007502707998355618, 0.01432804199794191]",0.009934874998483187,0.00797387499915203,0.00797387499915203,0.0031123878078317666,arm,3.11.2,72880.0,0,e50910ebeff34de063dbcf8e8d559bc0f172657e22ffd18b0f1823065ee77623
optimization_based,4956,3,1,"[0.013725875000091037, 0.014784375001909211, 0.015935957999317907]",0.014815402667106051,0.014784375001909211,0.014784375001909211,0.0009025293172979977,arm,3.11.2,73040.0,0,e50910ebeff34de063dbcf8e8d559bc0f172657e22ffd18b0f1823065ee77623
twin_informed,4956,3,1,"[0.011136749999423046, 0.01114883300033398, 0.010339541997382184]",0.01087504166571307,0.011136749999423046,0.011136749999423046,0.00037868757643086176,arm,3.11.2,73040.0,0,e50910ebeff34de063dbcf8e8d559bc0f172657e22ffd18b0f1823065ee77623
