policy,input_size_bytes,repetition_count,warmup_count,runtime_s_list,mean_s,median_s,p95_s,stdev_s,cpu_environment,python_version,peak_memory_mb,random_seed,input_hash
static_uniform,4960,3,1,"[0.003057500987779349, 0.0029506179998861626, 0.002976725998451002]",0.0029949483287055045,0.002976725998451002,0.002976725998451002,4.549749637926527e-05,x86_64,3.12.3,78.46484375,0,c62837e8497d3022819ab86d334ff0f315aa343d14748c2f21a3db731e148804
network_only,4960,3,1,"[0.002695401999517344, 0.0027081630105385557, 0.002754474990069866]",0.0027193466667085886,0.0027081630105385557,0.0027081630105385557,2.5379915644747285e-05,x86_64,3.12.3,78.46484375,0,c62837e8497d3022819ab86d334ff0f315aa343d14748c2f21a3db731e148804
service_priority,4960,3,1,"[0.0027620789915090427, 0.00287639899761416, 0.0027386450092308223]",0.002792374332784675,0.0027620789915090427,0.0027620789915090427,6.017970923899224e-05,x86_64,3.12.3,78.58984375,0,c62837e8497d3022819ab86d334ff0f315aa343d14748c2f21a3db731e148804
optimization_based,4960,3,1,"[0.0033055459934985265, 0.0032828120019985363, 0.0032847080001374707]",0.0032910219985448443,0.0032847080001374707,0.0032847080001374707,1.029914314548048e-05,x86_64,3.12.3,80.03515625,0,c62837e8497d3022819ab86d334ff0f315aa343d14748c2f21a3db731e148804
twin_informed,4960,3,1,"[0.0034039919992210343, 0.0032955450005829334, 0.00325460999738425]",0.0033180489990627393,0.0032955450005829334,0.0032955450005829334,6.302680952777465e-05,x86_64,3.12.3,80.03515625,0,c62837e8497d3022819ab86d334ff0f315aa343d14748c2f21a3db731e148804
